name,company,password
LOAD013,PRODUCTMAT,pYYGwqeTDc13
LOAD014,PRODUCTMAT,pYYGwqeTDc14
LOAD015,PRODUCTMAT,pYYGwqeTDc15
LOAD016,PRODUCTMAT,pYYGwqeTDc16
LOAD017,PRODUCTMAT,pYYGwqeTDc17
LOAD018,PRODUCTMAT,pYYGwqeTDc18
LOAD019,PRODUCTMAT,pYYGwqeTDc19
LOAD020,PRODUCTMAT,pYYGwqeTDc20
LOAD021,PRODUCTMAT,pYYGwqeTDc21
LOAD022,PRODUCTMAT,pYYGwqeTDc22
LOAD023,PRODUCTMAT,pYYGwqeTDc23
LOAD024,PRODUCTMAT,pYYGwqeTDc24
LOAD025,PRODUCTMAT,pYYGwqeTDc25
LOAD026,PRODUCTMAT,pYYGwqeTDc26
LOAD027,PRODUCTMAT,pYYGwqeTDc27
LOAD028,PRODUCTMAT,pYYGwqeTDc28
LOAD029,PRODUCTMAT,pYYGwqeTDc29
LOAD030,PRODUCTMAT,pYYGwqeTDc30
LOAD031,PRODUCTMAT,pYYGwqeTDc31
LOAD032,PRODUCTMAT,pYYGwqeTDc32
LOAD033,PRODUCTMAT,pYYGwqeTDc33
LOAD034,PRODUCTMAT,pYYGwqeTDc34
LOAD035,PRODUCTMAT,pYYGwqeTDc35
LOAD036,PRODUCTMAT,pYYGwqeTDc36
LOAD037,PRODUCTMAT,pYYGwqeTDc37
LOAD038,PRODUCTMAT,pYYGwqeTDc38
LOAD039,PRODUCTMAT,pYYGwqeTDc39
